<?xml version="1.0" encoding="utf-8"?>
<!--
- phpMyAdmin XML Dump
- version 4.8.3
- https://www.phpmyadmin.net
-
- Host: 127.0.0.1
- Generation Time: Nov 25, 2018 at 08:38 PM
- Server version: 10.1.37-MariaDB
- PHP Version: 7.2.12
-->

<pma_xml_export version="1.0" xmlns:pma="https://www.phpmyadmin.net/some_doc_url/">
    <!--
    - Structure schemas
    -->
    <pma:structure_schemas>
        <pma:database name="webuni" collation="utf8_general_ci" charset="utf8">
            <pma:table name="blog">
                CREATE TABLE `blog` (
                  `Id` int(11) NOT NULL AUTO_INCREMENT,
                  `Heading` text NOT NULL,
                  `Date` date NOT NULL,
                  `Description` text NOT NULL,
                  `Author_Id` int(11) NOT NULL,
                  `Category_Id` int(11) NOT NULL,
                  PRIMARY KEY (`Id`)
                ) ENGINE=InnoDB AUTO_INCREMENT=2 DEFAULT CHARSET=utf8;
            </pma:table>
            <pma:table name="categories">
                CREATE TABLE `categories` (
                  `Id` int(10) unsigned NOT NULL AUTO_INCREMENT,
                  `Name` text NOT NULL,
                  `Is_Featured` tinyint(1) NOT NULL DEFAULT '0',
                  PRIMARY KEY (`Id`)
                ) ENGINE=InnoDB AUTO_INCREMENT=3 DEFAULT CHARSET=utf8;
            </pma:table>
            <pma:table name="courses">
                CREATE TABLE `courses` (
                  `Id` int(10) unsigned NOT NULL AUTO_INCREMENT,
                  `Name` text NOT NULL,
                  `Description` text NOT NULL,
                  `Price` int(11) NOT NULL,
                  `Category_Id` int(11) NOT NULL,
                  `Author_Id` int(11) NOT NULL,
                  PRIMARY KEY (`Id`)
                ) ENGINE=InnoDB AUTO_INCREMENT=2 DEFAULT CHARSET=utf8;
            </pma:table>
            <pma:table name="info">
                CREATE TABLE `info` (
                  `Id` int(10) unsigned NOT NULL AUTO_INCREMENT,
                  `Address` text,
                  `Phone` text,
                  `Email` text NOT NULL,
                  `About` text,
                  PRIMARY KEY (`Id`)
                ) ENGINE=InnoDB AUTO_INCREMENT=3 DEFAULT CHARSET=utf8;
            </pma:table>
            <pma:table name="users">
                CREATE TABLE `users` (
                  `Id` int(10) unsigned NOT NULL AUTO_INCREMENT,
                  `Name` text NOT NULL,
                  `Occupation` text NOT NULL,
                  `Is_Author` tinyint(1) NOT NULL DEFAULT '0',
                  `Info_Id` int(10) unsigned NOT NULL,
                  `Username` text NOT NULL,
                  `Password` text NOT NULL,
                  PRIMARY KEY (`Id`)
                ) ENGINE=InnoDB AUTO_INCREMENT=3 DEFAULT CHARSET=utf8;
            </pma:table>
        </pma:database>
    </pma:structure_schemas>

    <!--
    - Database: 'webuni'
    -->
    <database name="webuni">
        <!-- Table blog -->
        <table name="blog">
            <column name="Id">1</column>
            <column name="Heading">How to create the perfect resume</column>
            <column name="Date">2018-11-25</column>
            <column name="Description">Lorem ipsum dolor sit amet, consectetur. Phasellus sollicitudin et nunc eu efficitur. Sed ligula nulla, molestie quis ligula in, eleifend rhoncus ipsum. Donec ultrices, sem vel efficitur molestie, massa nisl posuere ipsum, ut vulputate mauris ligula a metus. Aenean vel congue diam, sed bibendum ipsum. Nunc vulputate aliquet tristique. Integer et pellentesque urna.</column>
            <column name="Author_Id">2</column>
            <column name="Category_Id">1</column>
        </table>
        <!-- Table categories -->
        <table name="categories">
            <column name="Id">1</column>
            <column name="Name">Development</column>
            <column name="Is_Featured">0</column>
        </table>
        <table name="categories">
            <column name="Id">2</column>
            <column name="Name">Finance</column>
            <column name="Is_Featured">1</column>
        </table>
        <!-- Table courses -->
        <table name="courses">
            <column name="Id">1</column>
            <column name="Name">Art &amp; Crafts</column>
            <column name="Description">Lorem ipsum dolor sit amet, consectetur</column>
            <column name="Price">15</column>
            <column name="Category_Id">2</column>
            <column name="Author_Id">2</column>
        </table>
        <!-- Table info -->
        <table name="info">
            <column name="Id">1</column>
            <column name="Address">1481 Creekside Lane 
Avila Beach, CA 931</column>
            <column name="Phone">+53 345 7953 32453</column>
            <column name="Email">admin.webuni@gmail.com</column>
            <column name="About">Donec malesuada lorem maximus mauris scelerisque, at rutrum nulla dictum. Ut ac ligula sapien. Suspendi sse cursus faucibus finibus.</column>
        </table>
        <table name="info">
            <column name="Id">2</column>
            <column name="Address">Germany, Berlin, Pin LLC HQ, 4th floor, room 404.</column>
            <column name="Phone">NULL</column>
            <column name="Email">john_not@gmail.com</column>
            <column name="About">Donec malesuada lorem maximus mauris scelerisque, at rutrum nulla dictum. Ut ac ligula sapien. Suspendi sse cursus faucibus finibus.</column>
        </table>
        <!-- Table users -->
        <table name="users">
            <column name="Id">1</column>
            <column name="Name">Tom Anderson</column>
            <column name="Occupation">CEO of WebUni</column>
            <column name="Is_Author">0</column>
            <column name="Info_Id">1</column>
            <column name="Username">Admin</column>
            <column name="Password">Some Password Here#</column>
        </table>
        <table name="users">
            <column name="Id">2</column>
            <column name="Name">John Matwell</column>
            <column name="Occupation">Developer</column>
            <column name="Is_Author">1</column>
            <column name="Info_Id">2</column>
            <column name="Username">john</column>
            <column name="Password">Some Another Password</column>
        </table>
    </database>
</pma_xml_export>